userid,email,name,password
1,mahajan.pa@husky.neu.edu,Parakh,$2a$10$8eCHp8/RQKSh4/K9KlEx0eqzn5HRcczMz8aKw4u4I4syoAROYCZtu
2,agbbdedccb@gmail.com,gdagdbcaeg,$2a$10$T9WPmAIdetrcm11eJoeUTOIkPB5w/tEE9OpmDVBZcVbO42Uc3UUrK
3,agbadbdeec@gmail.com,fbcaagfeeb,$2a$10$EyBLGZJggBTnnB.k7FJVSOXBj6GfSM8K7EQcT1itw9F53ADpJErvO
4,degbgccefc@gmail.com,bcffeaeeeb,$2a$10$U2R4MIxQAAYjagDVylRR4Ou6FtH6jT1Nwwiq9KfXWSzm4S/OCpRzG
5,dcgadgfdea@gmail.com,edebbdbcgg,$2a$10$lisG6xywIvXz2pTxtX5gTu34y.9F/YsBz7EGH1.7cy8HaY89aPO6q
6,addfebgagc@gmail.com,eaddbdgcaf,$2a$10$ts15jy5ohYTYNhbNul1Qr.MBR9HVup/WpjOm8w59XN8gbp1vzCfRq
7,aeeedcabce@gmail.com,dagdefgafc,$2a$10$a4ExCuet3mjGfqX2Jh1e4uXXYpOZFuYIWMpojEmPMpag7Fzl5ME/.
8,gbfbcgacab@gmail.com,gbecfcdgfb,$2a$10$sR2peAPby/Vx3wFVzI.OW./daxZx8AP0gotsgT00FUmBRSCfVx2qq
9,gefccdfcgb@gmail.com,gfbadaafag,$2a$10$Hlu/bcN47y00H8xzH06YQOX7KAnDBP8.jaNjFjkG5U2x2PfuJBKTK
10,dcbfedaggb@gmail.com,dddbegedcc,$2a$10$evRZPOEOihAQhXaysKx1jOd7/28tzy6B8fznGEYT.ohcUvRYh8/fa
11,eadgcbggfd@gmail.com,ccfeaaabee,$2a$10$xIP5WhlDQulnY2WFAP2T4.j2nzkHrTFWek9XMGu8mH6U./z3WgCru
12,gffegfabdb@gmail.com,badafbaecb,$2a$10$MM9TN1OzZnBHTOMYJ30c/eJ7gPUxVoeFzn9WOVZrsynpZD3Dy7BmC
13,abadedbfdc@gmail.com,bgfbgdbaaf,$2a$10$sazyRdT8HFmqee7hARkoC..ksSmDZUtR4Srxv3ibn8wBM.SmxgMeS
14,feafgbacea@gmail.com,cffacaeedf,$2a$10$jtAKORA3T9m9ac4QVXXLYumGKoorBdqYGlwM1cflDiLZpauWnAyDy
15,baggffdded@gmail.com,dgdecefgfc,$2a$10$/cCoBJCDwrg6ghcLXam8auDOXP8Y/8TBRQ5THI6CwVnUpptxp2owq
16,gbcdccggca@gmail.com,baagbgafcc,$2a$10$Dewh7BpnqVZGYcFukTkAK.mJ1Nk3hD1vNy.kj0aMmRKgYDvfPreAS
17,ebedcgdfbf@gmail.com,fgdabfcfgg,$2a$10$goHJ1TM.uD5iYYnPQzNmWOKZAY5H.6OtHz6nhNh4rzev8FcBEfbga
18,cdcfgbdgbg@gmail.com,gfbcgcgcbb,$2a$10$xYV46NqmrZuFkb4bFsawneZLR1d3J526mQMwncgwlsN3q2JcnNAMC
19,ffdaedffad@gmail.com,bedeagecbb,$2a$10$72Gj08YX/f6k1CT9nr/Hw..VamFVDn3svDaONLJlmC3wkGitSHMTi
20,dbaccaddbb@gmail.com,efbdcacfgg,$2a$10$JmHgQjiKopaBG94/wyBLneR1uqIm5dMLzh.4R0jvy2bordUG08n1S
21,dabegadeab@gmail.com,cabacfaecc,$2a$10$Ht/kH3VMogEuGRL.FI9j9uDMCHONOiB3cslxD0wScb9Wc5kQ5irZm
22,adfebdfcea@gmail.com,edaecgfdbc,$2a$10$3/jbWe5tIz5o9ANcvU/2kuO8FHlw9WgSO7ko3i3EFtc0fsMyK1HxC
23,cccccdadcb@gmail.com,bddbgcbabb,$2a$10$HINzrxyh52CLENTsGVUEn.OZnII3YTFQd77F83Nd/pQOo0N0/j3Ri
24,gaffbcgadc@gmail.com,fdaccddbbb,$2a$10$/CePtxXdizeLHxItmKbSHOSr7guFwOJdDaundB9qfRqRYW9tZyRr6
25,babcfagcde@gmail.com,cebgacecfa,$2a$10$fJyY0Oyn.e/1pHuU711H/uQLVwR/Q51Et6iI0lul4o6Y82P92N4oy
26,edfbbefdca@gmail.com,cdcdgceagg,$2a$10$uUCzYRPP.h8lYxZmbGdXgegoK1fulx5peAHq9Z7H11RD4yAxNzoPW
27,dgdegdcdbd@gmail.com,bedacdefab,$2a$10$tYBZAbosUYQemko9sLAiG.9Ei01nRmx3KruosvhE7Z3J7wJKZo5Su
28,fbbaedddbg@gmail.com,bcbcbcfdgc,$2a$10$bo4fo1RsVizLy2tMwN8wy.QZxnYW9xr00mt/vg.eDsaNg77suUn9K
29,degegeaabd@gmail.com,dgfefceeca,$2a$10$3cc/73AiX0gGFiOrml5gCusGDTjQZgAMGo77QKDQRqxYUKCnXU0wC
30,acbddddbdc@gmail.com,ecddbafbbb,$2a$10$ZWtxuDJ4yjA0KPlgAbcJT.fxZXC3ynQEqAX5uL8EpyLAbZhbRFiEq
31,aeeeadedeb@gmail.com,bgcdaedafg,$2a$10$m8XszcOf9M0QKeNZuT3u.OuSvwMcq5ZFBzupGOWH5fE7tifAe1WIK
32,efddefdbef@gmail.com,cbcbcefddf,$2a$10$7vLrnKt8QJlqbKEEPhZCDOP0SBg38HK1kUR3LRSL2LkhaN5/5IT52
33,caefefddee@gmail.com,gebefacfef,$2a$10$Wn1EnobkOyLxt8sYD/jZ0OF3U3advepopC4SjrYlfS7RPeZW4IIp6
34,abbccbeeff@gmail.com,dceaedbage,$2a$10$HOmfCp12g96woc0wNl0FjOAT1H3nY7oMM7xaPn8FBDfnIzK6lraFS
35,bcdbceegba@gmail.com,bbffgfcbce,$2a$10$uS09PpktN8kyQu4OjpRLk.N2L91HxQ/4Ul67K8VS1Ke3mEzjQyDe6
36,cbfadcagdd@gmail.com,cgbcaddega,$2a$10$AYoK4FtzuofNVLbF.wP3NuF1.8J5MZDSBTEfWfICAWqqj3uOTvsuK
37,cdeafadcda@gmail.com,eefedcdeaa,$2a$10$obK538jmHFSRCRGco7AdxeuHnAf0kTE5bKT1qCBqZltSPp6l9ikdC
38,cfgbabbffc@gmail.com,adfcdafecd,$2a$10$PcAMKUjQEBZnVxEf.GtqSOoPYPa399LQQq6J9eYJW8Wnc7QceYyqK
39,gedfagecab@gmail.com,efecgfeaee,$2a$10$FrQ5t0DDBcr1y.gimduiP.Ok/j7vWiJf70oHeZkcU7wSjnkBVNH7i
40,bccbdbgcae@gmail.com,ceebecaede,$2a$10$KuVppVJ0obQBxUATF5ryRe0KoWdaD./CJDcfPhNJ1ifrJHsnZokay
41,dddcdggafa@gmail.com,gagffacceg,$2a$10$6wnaL9GYVUhc7wFZCahheucyppvsAzJpfs2k6.f905PVyXIByomRC
42,bfdebedabg@gmail.com,ffaccaaedf,$2a$10$TprETxOTlj0eM9ESuXlU3eN3EJLyWyFdty72ce8zlYLO5mQ/6g58K
43,caaccdbacf@gmail.com,afgeeagede,$2a$10$6LKlWB8WGPjC8OKpFh6Lve1J3jbAKpeIA1aCjXJrHuhITHXYlSIwO
44,bdeafecbbb@gmail.com,bbfdaccfee,$2a$10$0GbWtQQkU9GB5bHnL1cLT.2BfONHEVrVNQM8nhwu54JdcZRynGXEC
45,ecefbbgecb@gmail.com,gdggbadfgd,$2a$10$VgfkL7gGBvORu7es6.v4OOHwmMLuoh.Zjpu7mpjK36H.upvX5M1zC
46,ecdabbbdcb@gmail.com,fddegdefae,$2a$10$Uw4yIulrvdnr.FfRDsZuHesdTa3Z61V0of4T6.0.8KhU4B8VFHjpi
47,fgfebabbfd@gmail.com,aaeacdbcge,$2a$10$4mr16OEjrQeg4AmqQEB9UuvqKiIH1ZTZF6WaYoIC.aKprJG5AcFMO
48,ffcdagabdf@gmail.com,efefbaacdc,$2a$10$h0vQMwn6bBvXLtdQwgJhzOyUr/XrAnZnabjuU8l.OeP1QgIeREaSO
49,affgcbfcca@gmail.com,bddeccegbd,$2a$10$WPZpJY.cMvUuw.xkUeU6b.jas.fnm7rWo8caKAYVmOLTI.SKAu1.e
50,geeeebcfag@gmail.com,cbbeafgdac,$2a$10$/ACsfairgwxajdp5vyJu1uP.Z4rPwaJbFpxYbT7af6BpgD6Lzq.1.
51,dgfcddacff@gmail.com,eecdaacgbe,$2a$10$DOsxcKcacNrd7ExMdtauiuA1emjNXkQp.2jkxBKxHDxDmnhyQT54S
52,bbgbgacadf@gmail.com,cgfeaeddba,$2a$10$37sByuc86cA9O.n7WO3.dOnC50M6dZ9MeAFfNXnFVkOof9JxbnGi.
53,abdddabceg@gmail.com,dfcdcbggfe,$2a$10$H1KYBtgDRIQKuXoIOdw9f.4hTST64IFdYx7kpvVbNaOPlY5hroAgy
54,cgfadfbceb@gmail.com,ccbddcgfba,$2a$10$TsoMmM7C7mv1SPqFG5Zfq.vX6h4BaShkMea97fygrSquUprocMCSm
55,bdbaeecccc@gmail.com,eccdagebbe,$2a$10$EW0q3UnBMGj/z5jSh1SqhOWJvFGU7mB8ywKAMp29bqoyzCzDVbGfS
56,gefgcbbccd@gmail.com,fcgefgbgbf,$2a$10$AadqHYl7XU.e1wQvXP.WCujluZxdskmYv0mJsXO7WYuCS/7EkqcCS
57,dbdgdcgdbd@gmail.com,cagabcffaa,$2a$10$GD0DMfvPys4ONHIJhmkhQeFiW9JQdGTWJYdnHZzRPJjXsHuwSlC3u
58,cgdagfegfd@gmail.com,daaeeaebgf,$2a$10$3wLaY6eSkUpwrmYJVuyro.I3SIM0c0CkucPe6XvNV6XKaSAKyRX/.
59,efggffegbg@gmail.com,cdfaaddfdd,$2a$10$pnH3X7wUM7SoA1DxT4JrZeXwtMqtJce.dRGfvXZgJWofATd4PKC7K
60,dbcgcbgacf@gmail.com,bfeaafecgf,$2a$10$B2h/rmRCy0wWRFcLUvAmBecEES6V8x7x7.MiPMjmjPQFwEdJYEETa
61,dgcbfbbadd@gmail.com,acfaeacddg,$2a$10$lmF.g4qim0a8CN5acPblZ.tzK7IYfuSdXDbubbrhrXNneMju/B.eK
62,ffcbegbccf@gmail.com,gdeebdabbc,$2a$10$GWhC4bwOfgMLeLzSXPzrM.X3ZmtYnwO4Liu1by27irHMHbWI6A6gS
63,afgcfaggcc@gmail.com,beedccbdbd,$2a$10$1bp4ongl9898Dqly.RZTSuHFAxoPz3sl4/azdmIfvm0WZjhVf4W9.
64,eegacebddb@gmail.com,beebcgccce,$2a$10$WNfqB4/65LtTETNxk0TQYuRfshXy7XkG9x0LcxPUbYIHAZUyP6c0a
65,begcabbbef@gmail.com,egebefdaag,$2a$10$43DKhZ68vk0414OPJ9Cdbu6POJutiAmTMGwebcJt.1Us4XG2N/muG
66,faebfcfgcd@gmail.com,dgdbeaabcc,$2a$10$vvLqx6pMvb1S.OOSziqti.cGgZTJ3Q92/ZoS6hxls5IHRZoGZpxUq
67,cfbcabaefa@gmail.com,facebbcfda,$2a$10$EwmsPs3jR43UXi1IQeWWmu4dA18VtCI4ZupU/e2Hnq1UhnLl02I46
68,dagdcgdfac@gmail.com,eaeabagddc,$2a$10$97BE77KkC7uDKEf7mW3fq.J/x9rqioPy6boI3XPWKggIB71H0/wcS
69,afdfegefde@gmail.com,bacggefaef,$2a$10$MIev/gwtav7YAIOfHZLUceMZL0fbk3U3RlVasQys1qo8YOpFaVDTG
70,ccgagbaadb@gmail.com,edgdcegaaa,$2a$10$jwPTNnfVbNtIxTbcbAiXB.7y34dzFLHRg3UC7p22z4iysp/861r4O
71,fcbdcdfdaa@gmail.com,ecgbfecbef,$2a$10$rdOScV83dFhPcTZ1X/Qy9exBFT9CLnfx/bZBxj06Pn6D3sZjRuAuq
72,gabefffgaf@gmail.com,fegegadccf,$2a$10$PyyelZTCVoW1.8Ue/9cMAOnpB8qlOzop2tg4SqtyiHmDwc1J8fJSe
73,aeafbcbgfb@gmail.com,dfeacaddde,$2a$10$5tv4hGnl0lqUstqi9xO5fe9mGZBXZ1Vigpd1JK/R4NTGq6j8y0I6K
74,dfdcceaedg@gmail.com,bcagcbacde,$2a$10$qiMyMauLK3t3f42o6nT9R.aJ8ZXhuI86unLrWVtMts3gWr864O5ZK
75,bbgeagcdff@gmail.com,effeadgcdg,$2a$10$0BPbG.KGYLdySqUSeca2q.YwBQOYZbjiZvBMYqSqLyKPWQlS20VfG
76,ggcffgdbba@gmail.com,efcabdbbbc,$2a$10$CFVUCr5UlEHQ.5EJX88w8.QJy1cySJn8SsvVFX5kRc6FsBsSNcgle
77,efcacacdga@gmail.com,gcaaeebdad,$2a$10$NADkagcayWcz9EQg/iK3cuHM0WYgmHSl4OryOOC.HKzSPZmZY7eKe
78,abbcebeabg@gmail.com,abgaacfceb,$2a$10$RSZ9Mxz5qDPMPG6Jn.Ui/uAKsK1YzJVVBD32iGANf8warK1ReE072
79,cbbgcceecf@gmail.com,gbbaedacea,$2a$10$BQXlAvkIJ5fTaV/y94iuRezDX2.OYrSuTNAoNdYJIrf0dzm9PfTJG
80,bebcfdbegg@gmail.com,eeecbffbbc,$2a$10$sQ4hisHIcOWgZ3d7vsFwj.tRu72QJ3NxWloe5PTZuyYxeEaIJ1EPu
81,cccffbcfeb@gmail.com,eeeggaggcf,$2a$10$1T5Yag/JG8xLRU3elyTveOCbIKwFUGKjW7cssmNTIs1FR4oJlJYSW
82,agccbfadef@gmail.com,gaaecbfefa,$2a$10$szOFlFgB7mD/csh2RvuSmuKqsz5Dan6FtphWE.xHwwo3b8ytjJTI6
83,dgfefddgcb@gmail.com,faabbccbca,$2a$10$ui2Vo/iNidSrjM.yTJnB5uPx61Hv1fsLnd0DfNJiX1fObD5t1F7ee
84,ebfffbfaef@gmail.com,abbgfabbbb,$2a$10$bjh9oHpUMbxwdGdAgpXOKuCGdTQp6lnyKRo.aFjAVZUu0EWo8G17e
85,gbfbcfcbbe@gmail.com,ggebaaedab,$2a$10$Ghl9EDjO6fkehc67jsMabeqK4DCdVtnmg42s5hYGzaw.iafcOHIvS
86,bgebffdaga@gmail.com,gcbbdcdebg,$2a$10$4RdE7Mw89C88NqKqMD1vNOi95sWB0om9o2oSGPBR7A4iFny.MgKmi
87,fbfgdcefgf@gmail.com,bcaggcfefa,$2a$10$w0GgEJzVEZLYwlC2.tmX0OSSaaccxhgO5Dqn8za6cx3u3LfqwlVRm
88,dgccfdffea@gmail.com,dfdeeecgcc,$2a$10$bTOshL4zAqmpaeSIA/Lzp.36BeYV/Hpw/ybJ511AX2aFgB7RpADr6
89,dfcebdeaef@gmail.com,bcdaffdgge,$2a$10$ZRN963ToTRSGBvcHNUVK9efPgtJUf5pCtQjiyZ8Sr1d6i/VCKyuBC
90,gfgfcfcgga@gmail.com,ecfbaddbac,$2a$10$O9FSjgjJv2SVLHdJekJXlu.Y5aWIxGEiWLJE4ptWILMed7mlCSQSy
91,fccecacegf@gmail.com,cabgggadcc,$2a$10$o5ucK56VrUF/HsrDeovHOupU.AchYa2a2llBZlJmPoYdgPT8BlZVC
92,cfegbgbeeb@gmail.com,cfdfgddgce,$2a$10$9bwK3ewJ.yOJqOO2uS0TPO3L/enEJa6cYY9sEQsUjzzVge/zFEim2
93,eecfadddfa@gmail.com,ddafbddbgg,$2a$10$Gg/V06dRb66ARIhsIWsIGuE8Uu5LuXYBqBnix4G2S6XkrgFmlg9Ke
94,dbbdfdafda@gmail.com,gbgfgbbeff,$2a$10$8GQuZ1omzmyyxvJa51W/8OoD1lbadRxpcrw2O.VG2QocxeVd2jxOW
95,cgfabffebb@gmail.com,ggdcgffdbg,$2a$10$86jmk/UHoFEpBPmb6R.2keJ1lMWse5yKrrOn3OmVQdAOUrR8lQ7HC
96,accagafbfg@gmail.com,agebfgeadb,$2a$10$suo5j2ZEMFkbKdj784uVA.8QZYou6ZQDpphYysZbdomeutZyD/d6e
97,caefacgace@gmail.com,fbeefgcbce,$2a$10$51p3pxXabuVUmriy8.kOqOulFE5oQgBITPNffD1qQ4APkCyh4i3eC
98,ebagbaadaa@gmail.com,ggdaacgcae,$2a$10$HwY/BACMQgBEuMQ.e1w9reY.KyH2fxw0ArjuVI464HbjkLn.nljxS
99,dgabffcada@gmail.com,bdcgedgege,$2a$10$BOi//IcBJ8IIRJuC12lRD.QGCEGp20IvDdihQGEUHUkO50U9Bm8Ni
100,effeeedbec@gmail.com,ccgbadbfaf,$2a$10$yz3rcjrLhzRhOoYdT7ZK8.4YZtJXVoWJQsGzvoVa1DMCpOlQTdTm.
101,eeccefcaff@gmail.com,fdgcebeafd,$2a$10$mJtEqsQZptnHMXofhmNN7.cjXtLgpNCkcxGPxgl0CnnkCMM/SE2dq
102,fbgeabebfc@gmail.com,eefcbaeefb,$2a$10$hJAh2oaFE1PCHkeKHJgtE.HSzdDqJsmuK6SWtIjCPcIh7yQ3DQMIW
103,fefbfggaba@gmail.com,ccabbdfcge,$2a$10$TsDJbSEFQ5/iFu9U2N5CaORXNmY8QvZ1zWXSn0mpSgvkoTvgbccHi
104,ffdcegbacg@gmail.com,ceadfccbbc,$2a$10$G7oo1Yp//8Y6wHvT7zD8hO.HqVC8OJoXIccuouo4Ijwtjjs4Pak6y
105,bbggbdbfbc@gmail.com,cefddbfeab,$2a$10$.nwGI1nR5G8vX6myGZJsa.hW1s3LI/MrjiI8YLSOQ1/IDPawBZSEy
106,gfeacfabee@gmail.com,gdfbdaaaca,$2a$10$i8aAEUVOH4RbOKAS55qqweLEhJL5FoWWYtNEjiDStkndPWCIQSyR.
107,afbbdadged@gmail.com,eecegcdbae,$2a$10$w97ndWwlQfWMkrJHbXgUdOkEEg.MfOaM7hP9P18i4qwXa1n29Fa.S
108,gcbddbdcgb@gmail.com,ffefgcafbe,$2a$10$pfDrJPVVnHUJXUGU95in6eDuLqhFd7uT2ndY88jdBpOYrIGzjWcWO
109,fbgbadccfe@gmail.com,cfdfeagddb,$2a$10$8A8t3UAebSHBq2fkx2mFZe7zK/oFMTqZaZrRxutEBmqsCMWRuah1a
110,abcgagffcg@gmail.com,cbadaebecc,$2a$10$oigu8sXe5T.3L3pS.xQI/eUWapByJ/qSprQAadqlYBaDUXXCqTozK
111,acaacgafce@gmail.com,gcdebcabdg,$2a$10$QZYRkGegXP0prt4GRThLouQugFaV3nrNGzi.qqc4qFTPBO2NEl39m
112,gdgbddddcg@gmail.com,gbadadaeec,$2a$10$SWh17V9/PyP7//gTCaDJ5eoaVJTQC1Q6wZwe.D81R2OZacB95upre
113,eceedfbaca@gmail.com,eebeefbbaa,$2a$10$rhy3CKwc9WiubvMbiiyrK.nwO6OSqAaJqCic3qKs.3Q9yNTNGBWSu
114,fbffbbbced@gmail.com,efcdecafbe,$2a$10$kRNPWQcUWGDhnnSQIwLqTuzhCQFL9ppfQJJH/KOvNrzff2Ngt96Lu
115,fbfgbbecee@gmail.com,abecbgcfdf,$2a$10$YSbUKGQlNS2MDL0Cx3ej6OskpMJ7dTvrcypt1e99om6kgzA5qxk5u
116,febaabcade@gmail.com,gdfadaaaag,$2a$10$orNmnQC/Ham6jhMbPCMcduiwH4gLDvZMchRBPjJdSiAQ49ZfubQcS
117,gecfggedee@gmail.com,dbdbbcfdea,$2a$10$GXcsEVksLe3dhjYeR8LZweXJJalDnzeZhp4MlxfS5p3M3WZbT2ijW
118,bdedcdecag@gmail.com,gedeefcbdg,$2a$10$GlI5o.u8c3hZSZ7KwuXbiuA42t7BjtEB64FKaBPzNqH2C3nIgRPcC
119,eafadgbecg@gmail.com,cacecffcbb,$2a$10$hg4/aTHan05n5ry5jInddOnEg0wEpHqeec0qgqNcuyDYVljULCqqW
120,bfgabebgbg@gmail.com,baaabdfded,$2a$10$VY6p7V0OrGxA8cR1Nmlgme8UyGnzwWgs13.Ov1hRB/QH1Lh1Jp.Wa
121,decfggadef@gmail.com,geegbeggcc,$2a$10$CD.gukk0Q4raT2JNGhgUS.D64N4wr8Ncq0fQzS5uZXoL1zXpTPLP2
122,bdcfeaffgd@gmail.com,eeeggcdaba,$2a$10$UVmKrYwUDD4vcB55G3PEvetxRpJFTtQMsLHSysI1ff3R.M3eFW3CW
123,cddfdagffa@gmail.com,cbefacagcd,$2a$10$4A8s/7qCC.kKIuAcKDHegu9Z9ps6wEapAI5Ze1XWCxuxjmoXm.Udi
124,dfacabgeda@gmail.com,dfbacfdaad,$2a$10$1RmLwFNqI0UIj/H/AyRQm..wliJTXCe6n2qe.OaWgC97zyNhOUc6O
125,eaefafggaf@gmail.com,dfafbfacdb,$2a$10$t8.INdtcbbXzI.f6tc7vL.rPqe5qAvxJWHZmlqnbYZUAiPQ5gXxfa
126,afdaddcefa@gmail.com,cgceffgeae,$2a$10$3dzQ9QlGlthJI0Oe3hkk6.SQYjzxh7evJjaNkhlUKukRMHs./CCzW
127,gcbfaebfbb@gmail.com,adfedebfbf,$2a$10$99..frehDhplFU7pSPRq0.wKQnniKz03mWL4m5M1MN4tpgFe2q5bi
128,cbegcggbdc@gmail.com,feafcfcdfg,$2a$10$pYQpOoLGCF2t9tce8rDkJerL9/gOMSJnSloyLRxWM8UO8RnPm84qS
129,eebadgbfde@gmail.com,cabdgcgaac,$2a$10$jL9Ku4bgJXgbHrvzYz0wHu2L4UvMJUYiNfSq5XHKcv6EluQ0Er.na
130,daecdffecd@gmail.com,dcbbbcaeeg,$2a$10$/2pXPgGbfqxdYwYgLVyI/eQ24IgBBPseKgttjN51zKwON.JRHxkDu
131,cggdabfcgf@gmail.com,egdaefbdaf,$2a$10$xXH7Kv3msmIKtiLXDs9GP.SpSZRHwPUgoZ3Xtrdh9e.M263SELb3G
