taskid,description,person_userid
00656aa4-7d4e-4a5e-8b34-d6e623a901e6,fcafdbafba,9
0284111f-0cb5-4e73-a94c-1be293262fa8,cfccggcgce,5
05fef334-426a-4043-bca7-6a2afe5177e4,dgdegaadbe,1
064e28cf-9bd7-4a69-a132-6f6622f42dfd,fdebbcaeea,6
09e0d7f8-a578-4f2f-871e-0f6eb139f28e,dcefefedae,3
0db142b3-a6cd-4af3-a01b-e3719e35d2e2,dfeaeacgcg,5
0efc8775-b1b8-44f2-96a1-4e0475211734,cbbadcgcaf,3
102b8000-48c0-4c55-b197-ac6cd7ebb9d3,babggabagb,5
102d540b-1cea-4250-b13a-70e0aea63afd,ccfddeaffd,7
13be8a6f-a13f-4ad8-9c39-b51ef10dfcfe,dgfcdfeaac,8
17bcd49f-6873-4b5e-abe2-dcc99335c906,fegdggcdde,10
1e92525f-7087-46c2-a2ca-c228c2f380a8,bcaggggdef,7
1efa35e6-d4dd-46a9-8656-c663e159abb0,dfgbaaccgf,6
231418d1-ddcd-4cf7-ac58-2bfa2845eb3a,ccdgadfead,8
25d267eb-2c38-4dcb-84f9-186a04753aa0,cdcdadgfac,10
26590fb8-1428-4b93-b3e3-dc9b4f46bd46,agfbbebgee,4
29c822fd-95c3-44b3-8759-433dae4fa1b7,ebggcafbgd,10
2c60e421-6090-4dcf-9a53-34f7b563283f,fbafeaefbf,8
2d635eee-b14c-4134-b704-c0ae515b981e,dcaaefacbd,6
2dabaa5a-a037-4090-8529-573b7f441e24,fcffcafccg,5
2e85855a-600c-4210-b99a-af4894365d92,edfceedagc,1
3019eb36-bade-403a-9e0c-2dcfba95a20c,egeadagbce,10
3037d8dd-61ac-43ea-bb4e-8485940db49a,gdcfccgdac,9
317a94f0-c681-44c4-b9da-2cbf0b051b01,gceaeagdag,2
37c77b88-afb9-4382-af5b-765d48300325,fbfcdcfcef,1
3b52f685-0ff7-4cb6-a438-dbac7ace0d2c,efbcgdfecg,8
3fbf19d7-cbfc-41a4-97c4-e3f24f2df0d9,ccdfefaedf,5
426c482b-63c8-4b26-9008-6c3b88a89572,gcffgfaabb,4
427f7f1c-633e-48a2-98a0-bf2fccec37aa,ecfbdggdfg,10
42c8b733-97e1-411e-a7b6-9182f0852d4d,dgdbgbdeca,2
45c31d7a-fa00-482d-938d-91ace36ce88c,fbaecaeedf,1
48a688b5-e7ce-470e-ab01-f5c7f4301db4,agcadadafg,4
4ca7f2e4-5d1c-40cd-b793-dfbf9dc25f93,bgbfeaagca,3
4d4b017c-68c4-4804-b4c1-6066101f96fc,cgbbedgdae,6
4e91dbce-d6c6-4369-8b8f-cbe249af4dea,ggedffcebc,9
4f06ce32-df75-478c-956c-8bfb9f2439f2,gbcecefgeb,5
505c1a66-f60c-4a7b-9924-2412f6dea62f,cbacbadbfd,10
51ff009a-0754-4dd1-bcf5-6874d64b1146,adcadgabeg,6
55d0deb3-52aa-4e6e-a00b-3227bd4486f7,fadagbccab,1
5a4cb516-4604-431e-9047-6f3a6b5f0009,geeaagbebe,4
5c942ce3-ca2b-47de-bcd4-7f39b630d032,gdcebeaccc,6
5e46029f-2606-4d53-b21e-941cff4bff61,gbefebefgb,5
61bd4026-cc89-4bec-a69a-6b3751c6fc05,beegffcbcc,4
61f54fc8-2532-4745-a235-6bceb5d47641,eeaegggedc,7
624b7054-a093-404a-b12c-9c33852c14eb,gacfffaaea,10
65ea12d0-f011-4701-ae28-960e195ef596,cddgcaaaef,9
65fbe826-d2f7-4c0c-b797-c35140a6d9a9,eeaggacecg,7
6f2256bf-785a-4cd4-8e11-c85d7c8e5e89,cfbaabgdcd,9
70b67282-7419-4625-8def-04c642b0948c,gcdgddefbc,9
70cb5498-1c8a-49aa-a1cf-36469f98e85d,beeceabeab,9
715615fb-ea19-4f33-9ecf-ca67f415e768,caadgaccbe,5
7279db68-eaf4-4aad-b44b-9ddb17612858,gfgcdfafbc,3
759282b3-77ce-458e-8183-a6a854bd42b9,egbgcbgebf,2
779d8f32-9c1e-45e2-a34e-fdf6da81532b,aeedaffaad,8
78ab0da3-3b46-465b-a77c-8c16f2a3d832,gcgcecbbab,1
796988f8-6f8e-4481-9afc-3ae801d662e9,cfggdecedc,2
7c5dae94-ad75-43b2-a8ef-4ef12ba4b244,eeefceedgb,4
7d3ad32d-1218-49b3-b620-8f1f4512b7ae,agdbdeddde,7
7d848c02-fb35-4807-a8ce-88612da8ebc0,ggddcgbcga,6
812140dc-b0ca-4998-a76a-04f21b7b91d3,dafcbadafc,3
815992c1-d89b-413d-8082-31537fb21e61,adecccceab,2
83508dc9-74f2-44d5-85de-5f4041d8eb2d,bfgdcdbbag,3
84149526-e8e5-433e-8c84-83dadd2a22c8,abgdcbfbfc,1
8ac8e736-9a29-456c-82aa-f2922fbb5100,cgdcddaaaa,3
900903ac-146a-453a-823d-9f13a824647e,fbafacgdag,6
929a604c-6f21-4a58-8229-619d27aa43c5,bebddeecfe,9
94638859-6e0b-4f7b-99e5-2463c1afecad,gabfgcaccb,4
964a765c-4880-4d93-800b-8c0625d92bfb,eadegacedf,4
976399e2-6688-4d88-a3fa-5a268386f70b,caabeafadb,6
9a7a52ed-644c-467e-adab-b54474cf3a25,bgbfgdccef,7
9cc9adda-f75e-4e51-bc73-dbf0856e0c29,gfcgadbbdg,6
a14b15ae-17b3-49de-8ff3-66ff1c080f3d,fcgadadaec,3
a1c7989b-33f2-4c05-90a1-61dc3b5bfa87,ecaeeaggbe,10
a32aab7a-fea2-470a-80cb-9ae4e9c964cd,dgbcbcggbb,5
a6668dbd-905b-42b5-9f2c-08a600129edd,eebecfcdff,9
a78b0783-2fbf-4ec9-802f-e0936c3e8563,fafafbbceg,2
ac3df1c9-a6e5-49db-8107-953eab453815,dgfcadbegd,7
af1f7ca4-e1c7-4f34-ab7d-3dc01f0b7509,acdecdgccf,1
b2022964-2d53-450c-b3a4-37831ba7301d,cgcgcgcada,8
b416c9e5-6b14-475c-add0-85cbd66189f1,bcdedfdffa,8
b6cef515-3ca4-4ad2-85f7-046ff05c29eb,aaefcggabc,6
b90eecbd-c5f5-495d-90be-edc2abb8be60,test123,1
bd7f2635-1d1f-4ffa-9d21-dc5979509a3f,dcfegbcedg,8
be0e86da-9203-46d9-8b84-1eb653159788,defgagdffc,4
bf3e68f5-f8df-4c64-acdb-44abe91bfcd2,edagbbaecb,1
c09fb70a-7181-4dd6-b3dd-902e413f8952,afgdcgbgec,3
c2492245-d86b-4f00-a77b-8392c3f23a53,ccedgfdedd,2
c34d00d0-d941-4d33-998f-ef76d87b4f95,efbggbbdgb,9
c64dcf97-6d48-4848-8cc8-48b355f1ee6f,efegddcfac,4
c8eca3f5-d31d-4f39-aa4e-ae77aac95ddf,ecggeedfgf,5
ca8242b4-51b0-47de-b9da-763baf634e5e,ecfagcbbbe,7
cabe2327-881d-4543-8210-d782b05a2b42,fbecebcdce,8
cb6ec788-3342-4616-b720-d99717214f03,bcadecdacf,1
cb9166c1-0aef-4c69-8565-d9cdf5cc1c0f,degcdcfaff,2
cd7a9118-f6c1-48d7-a31c-65fce2a4a3bf,fdafcefebd,2
ceac613a-33ca-4f97-95da-98fbc112fd07,bgfbadebbe,3
cf23c18a-16e4-4734-93d5-ca22d6b13490,cfgeedfefd,10
d0085b73-8198-420f-8725-e2f6e5316afd,bbbbfcaafa,4
d068e1e8-7e3c-41c9-83a2-fba18a307b5d,edecbdadef,8
d14395f1-e2be-42bc-adf4-6552dd87687b,bgdfaccdca,10
d3f23d5f-24db-4840-a30b-b504bffc3dda,abbgcececd,7
d54bfb79-cdf1-4cf6-95ca-3b8d28c76252,edfaggabea,8
d7859473-4eee-4d91-a7b5-c8778cd881e6,eecddeffeg,1
d78945df-d152-4388-8664-f5b94edf717b,feacdcdcfe,7
d8556f48-8fdb-4748-bca5-1ab1e838b7ad,dbgcbggbgf,9
dc8efa79-dec2-4c8a-b023-13d09b956f79,afgcdaagbb,7
e6c6cd1c-4504-46ff-a42d-d801c1fd9105,fgbeddfadf,2
e761f921-4ee7-42f6-b71d-a81a800d3ecb,faabfbagbe,4
e81248af-2d92-4a51-af69-21ef86c3ed03,aacffdadag,5
e9239542-9758-4728-8799-1f2ea5907bb3,ggbdadeggb,2
eb91f9c3-6b53-49c8-bf96-59f414c54713,dcbffaggab,5
ecadc561-64dc-4f30-b0d1-f563c8c218d6,bgfefeacdb,6
f1579901-017b-47bd-adad-2df88d33c8be,dfdfbcbaed,3
f19ded2c-2636-48a0-a01a-8915b22fecef,fcdfaeaafe,8
f49457d2-88b0-4761-885a-b182e613be8a,aeecdfcgag,10
f58f87d6-351d-4b83-9faf-74dec1839e79,bgcbeadgde,7
f5cd236d-2a6e-4812-9043-fd487dee6bd0,ggaagcfcaa,9
fc28488b-06d1-4d10-ac28-2eeb31a12171,afccccbbfg,1
fd9e0708-2829-476a-a7cb-94c5a546f884,decaddcfgb,2
